1;Vladimir;Rutland;eros@tincidunt.net;07/05/1991;Maldives;16380702 3068
2;Brian;Rotterdam;sem.Nulla.interdum@Aeneanegestas.com;22/10/1978;Seychelles;16721212 0500
3;Bryar;Livo;Suspendisse@liberoestcongue.com;21/07/2003;Bolivia;16440101 2895
4;Jacob;Draguignan;nec.euismod.in@idsapien.net;01/01/1990;Nigeria;16720420 7448
5;Leroy;Bowling Green;quam@Etiamligulatortor.edu;28/12/1994;Côte D'Ivoire (Ivory Coast);16570908 6473
6;Medge;Chiguayante;aliquet@vitaesodalesat.edu;14/11/1995;Papua New Guinea;16301110 4258
7;Colette;Mannheim;id.erat@Namligulaelit.ca;08/03/2002;Saint Barthélemy;16720224 0961
8;Norman;Scarborough;Fusce@nequeSedeget.net;23/10/1970;Hungary;16790720 4049
9;Declan;San Costantino Calabro;arcu@sollicitudinadipiscing.net;11/11/1980;Congo (Brazzaville);16381108 9618
10;Seth;Izel;et.rutrum@Duis.net;21/02/1989;Guatemala;16370626 2106
11;Thane;Fresno;non.enim@nequeseddictum.edu;11/09/1983;Botswana;16801224 4599
12;Chaney;Melton Mowbray;vel.quam.dignissim@montesnascetur.co.uk;03/04/1981;Bhutan;16921005 9383
13;Zia;St. Andrews;vitae.erat.vel@maurissitamet.co.uk;26/01/1981;France;16820920 8126
14;Brett;Kemzeke;libero@malesuadafames.net;14/05/1992;Central African Republic;16071007 4634
15;Willa;Mont-Saint-AndrŽ;vel@nequeNullam.org;19/01/1983;Rwanda;16020413 1460
16;Raymond;Fraser-Fort George;Aenean@nonsollicitudina.co.uk;03/12/1971;Eritrea;16180812 7110
17;Lee;Champigny-sur-Marne;tristique@vehiculaPellentesquetincidunt.co.uk;10/05/1985;Denmark;16801218 4498
18;Venus;Dubuisson;Nunc.commodo.auctor@Suspendisseacmetus.net;14/06/1980;Angola;16041106 7275
19;Marshall;Cascavel;cursus.Integer@pharetra.com;11/10/1975;Zimbabwe;16190124 2949
20;Aline;Price;velit@nulla.com;20/06/1994;Mozambique;16270212 7313
21;Hanna;Yangsan;eleifend.Cras@Phasellusdapibusquam.edu;11/04/1982;Mali;16000904 3738
22;Coby;St. Andrews;eget.odio.Aliquam@Nullam.com;17/02/1993;Guam;16310710 4956
23;Dacey;Pinneberg;arcu@lorem.co.uk;04/05/1996;Palestine, State of;16441209 6705
24;Zephania;Mérida;Cras.eget@Nullam.co.uk;13/01/1989;Tuvalu;16460207 3019
25;Alfonso;Roselies;iaculis.enim@acturpis.edu;31/05/1973;Guadeloupe;16390429 1949
26;Marvin;Genval;egestas.rhoncus@Namligula.net;30/07/2001;Ghana;16590910 0181
27;Miranda;Kitchener;tincidunt.nibh.Phasellus@nuncInat.com;01/07/2001;Zambia;16050819 8991
28;Vanna;Millesimo;aliquet.odio@mollisInteger.co.uk;25/06/1991;Russian Federation;16050613 0319
29;Tana;Monte Giberto;enim.Suspendisse@nisisem.edu;17/11/1978;New Zealand;16950119 7553
30;Blaze;Bowden;ligula.Aliquam@lobortisClassaptent.org;28/10/1975;Qatar;16150514 9235
31;Aidan;Buzenol;vitae@imperdietnon.net;12/04/1987;Kiribati;16690406 2152
32;Oren;Görlitz;egestas@necdiamDuis.net;08/04/1985;French Polynesia;16831229 9640
33;Alden;Livingston;sociis.natoque.penatibus@enimCurabitur.co.uk;19/08/1981;Senegal;16680508 6722
34;Walter;San Bernardo;ipsum.ac.mi@penatibuset.com;01/03/1995;Equatorial Guinea;16550812 9938
35;Keane;Halberstadt;nulla@sed.org;05/03/1979;Kiribati;16680911 6335
36;Palmer;Malle;viverra.Maecenas.iaculis@porttitorscelerisque.edu;28/01/1991;Lesotho;16771014 6601
37;Addison;Bellefontaine;diam.vel.arcu@justoeuarcu.co.uk;25/10/2001;Laos;16641102 3911
38;Montana;Aligarh;tortor@cursusInteger.edu;25/11/1979;Slovenia;16981118 8409
39;Ryder;Mataró;mi@utlacusNulla.net;10/07/1998;Iceland;16430503 5521
40;Aidan;Tywyn;luctus.ipsum@aduiCras.ca;24/10/2001;Andorra;16070821 0778
41;Finn;Lutsel K'e;ridiculus.mus.Donec@SedmolestieSed.edu;23/12/1980;Russian Federation;16690301 5433
42;Gavin;Wrocław;vulputate.nisi.sem@ascelerisque.com;08/08/1985;Italy;16121024 2184
43;Hu;Freiburg;lobortis.mauris@commodo.edu;07/11/1979;Equatorial Guinea;16640311 0924
44;Adrienne;Talca;lacus@nonegestas.org;19/05/2003;Falkland Islands;16701010 4680
45;Vielka;Valle del Guamuez;sem@temporeratneque.co.uk;22/06/1977;Paraguay;16731226 9728
46;Ivor;Queanbeyan;Nulla.tincidunt.neque@fringilla.org;23/04/1991;Nepal;16460312 2187
47;Thomas;Calle Larga;risus@Nam.ca;30/10/1980;Philippines;16040905 1059
48;Amela;Las Palmas;ultrices@ultrices.co.uk;21/01/1988;Djibouti;16090725 0799
49;Emerald;Brucargo;massa.non.ante@sodales.net;07/05/1998;Pitcairn Islands;16010504 2345
50;Wyoming;Sahiwal;Vivamus.rhoncus@erat.co.uk;01/11/2003;Italy;16290430 1005
51;Caesar;Elversele;non.quam.Pellentesque@nonantebibendum.com;28/08/2002;French Southern Territories;16781208 0708
52;Reese;Chandler;feugiat.Lorem@enimMaurisquis.ca;02/06/1989;Kuwait;16110109 7986
53;Regan;Pforzheim;Cras@vitaesodalesnisi.net;15/06/2000;Estonia;16311029 3499
54;Bell;Acquasanta Terme;Vestibulum.ante@mattis.net;03/03/1971;El Salvador;16400127 2394
55;Kieran;Polino;orci.sem.eget@convallisante.co.uk;30/12/1991;Timor-Leste;16100407 1864
56;Rudyard;Bear;eget.laoreet.posuere@pulvinararcu.ca;21/08/1984;Northern Mariana Islands;16660914 2556
57;Anjolie;Beaumaris;sociosqu.ad.litora@aodio.org;14/10/1998;Singapore;16800410 0296
58;Montana;Aizwal;Duis.dignissim.tempor@ut.ca;20/12/2003;Bhutan;16760411 0622
59;Vance;Velsk;ridiculus@tristiquenequevenenatis.net;10/11/1987;Solomon Islands;16190104 4147
60;Byron;Pudukkottai;malesuada.vel@temporest.ca;24/09/1993;Iceland;16510423 0593
61;Price;Chennai;nunc@malesuadafringilla.co.uk;09/03/1985;Palestine, State of;16081215 1330
62;Xaviera;Labro;turpis.egestas@Duiselementumdui.com;25/08/1978;American Samoa;16230124 9930
63;Porter;Berlin;nisi.Aenean@aliquam.net;30/10/1980;Bhutan;16570810 0481
64;Oliver;Rae-Edzo;cursus.purus@fermentumvelmauris.org;18/11/1970;Hungary;16110627 8862
65;Aidan;Villa Latina;eu.dui@egetmagnaSuspendisse.ca;14/06/1977;Czech Republic;16711109 9722
66;Sade;Pitt Meadows;tellus.Phasellus.elit@feugiatLorem.net;10/02/1984;Cuba;16440504 2633
67;Elton;Loy;rutrum.Fusce@id.ca;25/11/1971;Kuwait;16690415 1443
68;Rashad;Crescentino;vitae.mauris@utdolordapibus.edu;14/02/1990;Brazil;16930522 5279
69;Fallon;Rhyl;nec.imperdiet@enimconsequatpurus.org;31/05/1988;Vanuatu;16890515 3022
70;Slade;Maransart;metus@duiaugue.org;16/10/1980;Norfolk Island;16890726 8802
71;Andrew;Bolano;ante@a.com;26/01/1991;Liberia;16520125 4728
72;Finn;Llangollen;blandit@commodotinciduntnibh.edu;14/11/1989;United States;16351203 9706
73;Martin;Porvenir;commodo.tincidunt.nibh@at.ca;16/04/2005;Australia;16180403 0060
74;Whoopi;Wimmertingen;Sed.eu.nibh@dui.ca;24/03/1971;Latvia;16850708 5440
75;Candace;Coltauco;arcu@Vivamuseuismodurna.net;28/03/1985;Niger;16070227 1024
76;Abbot;Passau;eget.massa@Aliquamnecenim.net;06/04/1974;Jordan;16080916 7117
77;Benjamin;Penza;a@euaccumsan.org;07/09/1997;Equatorial Guinea;16150128 3244
78;Alec;Salzgitter;dui.Cras.pellentesque@convallisest.ca;02/07/1995;Central African Republic;16190827 4473
79;Fleur;Toulon;mollis.non.cursus@sodalespurusin.ca;30/09/1986;Maldives;16080828 1406
80;Quin;Calgary;in.dolor.Fusce@Pellentesqueultricies.co.uk;04/09/1989;Holy See (Vatican City State);16740626 5905
81;Kevin;Suarlee;purus.ac@nullaInteger.co.uk;01/11/1979;Western Sahara;16260324 7046
82;Upton;Wageningen;nec@malesuadafames.net;14/08/2001;Madagascar;16540214 3134
83;Valentine;Richmond;diam.nunc@dictumultriciesligula.co.uk;27/05/1989;Czech Republic;16080514 6222
84;Paki;Valfabbrica;Sed@egestasa.net;03/12/1988;United States Minor Outlying Islands;16800713 0118
85;Jescie;Tuscaloosa;cursus@sagittis.org;05/12/2001;French Polynesia;16290301 5945
86;Yen;Salamanca;morbi.tristique@eleifendegestas.com;14/05/1981;Cameroon;16790216 9239
87;Raya;Gubbio;Donec.dignissim@netus.org;11/06/1979;Latvia;16370818 0280
88;Zorita;Bajaur Agency;ante.blandit@ipsumSuspendisse.ca;20/11/1988;France;16640914 3721
89;Kyra;Windsor;pharetra.sed@inceptos.co.uk;27/08/1994;Heard Island and Mcdonald Islands;16411216 4969
90;Moses;Aalen;placerat.eget.venenatis@diamnunc.net;10/12/2002;Georgia;16430616 5368
91;Jamalia;Salisbury;semper@pretium.net;02/02/1998;Estonia;16180124 1868
92;Clark;Aieta;sem.mollis@vulputateveliteu.co.uk;22/11/1977;Faroe Islands;16400325 4879
93;Yuri;Acerra;arcu.Vestibulum@Vestibulum.org;17/08/1992;Falkland Islands;16890312 3944
94;Rose;Rodgau;nec.luctus.felis@anteblandit.ca;04/04/1981;Thailand;16590502 4427
95;Alana;San Ignacio;Pellentesque.ut@lobortis.org;07/09/1984;Palau;16590813 5477
96;Blossom;Morelia;mauris@ametmassaQuisque.net;11/11/1995;Argentina;16130120 9753
97;Megan;Bielefeld;In@euismodest.edu;21/03/1995;Hungary;16891107 3594
98;Eugenia;King Township;imperdiet.nec.leo@dictumeleifendnunc.com;24/08/1988;Kiribati;16340308 5511
99;Urielle;Drayton Valley;luctus.ut.pellentesque@dui.com;13/03/1976;United Kingdom (Great Britain);16170130 2869
100;Cynthia;Mobile;non.cursus.non@purusmauris.edu;30/05/1994;Norfolk Island;16180525 3554